{
  "Link Color" : {
    "Red Component" : 0,
    "Color Space" : "sRGB",
    "Blue Component" : 0.73333334922790527,
    "Alpha Component" : 1,
    "Green Component" : 0.35686275362968445
  },
  "Tags" : [

  ],
  "Ansi 12 Color" : {
    "Red Component" : 0.45098039507865906,
    "Color Space" : "sRGB",
    "Blue Component" : 1,
    "Alpha Component" : 1,
    "Green Component" : 0.81568628549575806
  },
  "Ansi 7 Color" : {
    "Red Component" : 0.78039216995239258,
    "Color Space" : "sRGB",
    "Blue Component" : 0.78039216995239258,
    "Alpha Component" : 1,
    "Green Component" : 0.78039216995239258
  },
  "Ansi 8 Color" : {
    "Red Component" : 0.40784314274787903,
    "Color Space" : "sRGB",
    "Blue Component" : 0.40784314274787903,
    "Alpha Component" : 1,
    "Green Component" : 0.40784314274787903
  },
  "Bold Color" : {
    "Red Component" : 0.36078432202339172,
    "Color Space" : "sRGB",
    "Blue Component" : 0.45098039507865906,
    "Alpha Component" : 1,
    "Green Component" : 0.40392157435417175
  },
  "Ansi 9 Color" : {
    "Red Component" : 0.94901961088180542,
    "Color Space" : "sRGB",
    "Blue Component" : 0.47450980544090271,
    "Alpha Component" : 1,
    "Green Component" : 0.52941179275512695
  },
  "Guid" : "F6B69FE3-BF6F-4204-BB53-BD251D40E3D7",
  "Horizontal Spacing" : 1,
  "Rows" : 25,
  "Default Bookmark" : "No",
  "Cursor Guide Color" : {
    "Red Component" : 0.70213186740875244,
    "Color Space" : "sRGB",
    "Blue Component" : 1,
    "Alpha Component" : 0.25,
    "Green Component" : 0.9268307089805603
  },
  "Non-ASCII Anti Aliased" : true,
  "Use Bright Bold" : true,
  "Ansi 10 Color" : {
    "Red Component" : 0.729411780834198,
    "Color Space" : "sRGB",
    "Blue Component" : 0.49411764740943909,
    "Alpha Component" : 1,
    "Green Component" : 0.90196079015731812
  },
  "Ambiguous Double Width" : false,
  "Jobs to Ignore" : [
    "rlogin",
    "ssh",
    "slogin",
    "telnet"
  ],
  "Ansi 15 Color" : {
    "Red Component" : 1,
    "Color Space" : "sRGB",
    "Blue Component" : 1,
    "Alpha Component" : 1,
    "Green Component" : 1
  },
  "Foreground Color" : {
    "Red Component" : 0.79607844352722168,
    "Color Space" : "sRGB",
    "Blue Component" : 0.7764706015586853,
    "Alpha Component" : 1,
    "Green Component" : 0.80000001192092896
  },
  "Working Directory" : "\/Users\/appelgriebsch",
  "Blinking Cursor" : false,
  "Disable Window Resizing" : true,
  "Sync Title" : false,
  "Prompt Before Closing 2" : false,
  "BM Growl" : true,
  "Command" : "",
  "Description" : "Default",
  "Mouse Reporting" : true,
  "Screen" : -1,
  "Selection Color" : {
    "Red Component" : 0.16470588743686676,
    "Color Space" : "sRGB",
    "Blue Component" : 0.27450981736183167,
    "Alpha Component" : 1,
    "Green Component" : 0.20784313976764679
  },
  "Columns" : 80,
  "Idle Code" : 0,
  "Ansi 13 Color" : {
    "Red Component" : 0.83137255907058716,
    "Color Space" : "sRGB",
    "Blue Component" : 1,
    "Alpha Component" : 1,
    "Green Component" : 0.74901962280273438
  },
  "Custom Command" : "No",
  "ASCII Anti Aliased" : true,
  "Non Ascii Font" : "Monaco 12",
  "Vertical Spacing" : 1,
  "Use Bold Font" : true,
  "Option Key Sends" : 0,
  "Selected Text Color" : {
    "Red Component" : 0.34509804844856262,
    "Color Space" : "sRGB",
    "Blue Component" : 0.44313725829124451,
    "Alpha Component" : 1,
    "Green Component" : 0.37647059559822083
  },
  "Background Color" : {
    "Red Component" : 0.12156862765550613,
    "Color Space" : "sRGB",
    "Blue Component" : 0.18823529779911041,
    "Alpha Component" : 1,
    "Green Component" : 0.14117647707462311
  },
  "Character Encoding" : 4,
  "Ansi 11 Color" : {
    "Red Component" : 1,
    "Color Space" : "sRGB",
    "Blue Component" : 0.50196081399917603,
    "Alpha Component" : 1,
    "Green Component" : 0.83529412746429443
  },
  "Use Italic Font" : true,
  "Unlimited Scrollback" : false,
  "Keyboard Map" : {
    "0x5e-0x60000" : {
      "Action" : 11,
      "Text" : "0x1e"
    },
    "0xf702-0x280000" : {
      "Action" : 10,
      "Text" : "b"
    },
    "0xf702-0x260000" : {
      "Action" : 11,
      "Text" : "0x1b 0x1b 0x5b 0x44"
    },
    "0xf703-0x280000" : {
      "Action" : 10,
      "Text" : "f"
    },
    "0xf70a-0x20000" : {
      "Action" : 10,
      "Text" : "[28~"
    },
    "0xf703-0x260000" : {
      "Action" : 10,
      "Text" : "[C"
    },
    "0x2d-0x40000" : {
      "Action" : 11,
      "Text" : "0x1f"
    },
    "0xf702-0x220000" : {
      "Action" : 10,
      "Text" : "[D"
    },
    "0xf703-0x240000" : {
      "Action" : 10,
      "Text" : "[5C"
    },
    "0xf703-0x220000" : {
      "Action" : 10,
      "Text" : "[C"
    },
    "0xf700-0x280000" : {
      "Action" : 10,
      "Text" : "[A"
    },
    "0xf72b-0x20000" : {
      "Action" : 10,
      "Text" : "[F"
    },
    "0xf700-0x260000" : {
      "Action" : 10,
      "Text" : "[A"
    },
    "0xf701-0x280000" : {
      "Action" : 10,
      "Text" : "[B"
    },
    "0xf700-0x240000" : {
      "Action" : 10,
      "Text" : "[A"
    },
    "0xf701-0x260000" : {
      "Action" : 10,
      "Text" : "[B"
    },
    "0xf700-0x220000" : {
      "Action" : 10,
      "Text" : "[A"
    },
    "0xf701-0x240000" : {
      "Action" : 10,
      "Text" : "[B"
    },
    "0xf72b-0x40000" : {
      "Action" : 4,
      "Text" : ""
    },
    "0xf708-0x20000" : {
      "Action" : 10,
      "Text" : "[25~"
    },
    "0xf701-0x220000" : {
      "Action" : 10,
      "Text" : "[B"
    },
    "0xf709-0x20000" : {
      "Action" : 10,
      "Text" : "[26~"
    },
    "0xf70b-0x20000" : {
      "Action" : 10,
      "Text" : "[29~"
    },
    "0xf702-0x240000" : {
      "Action" : 10,
      "Text" : "[5D"
    },
    "0xf729-0x20000" : {
      "Action" : 10,
      "Text" : "[H"
    },
    "0xf729-0x40000" : {
      "Action" : 5,
      "Text" : ""
    }
  },
  "Window Type" : 0,
  "Background Image Location" : "",
  "Blur" : false,
  "Badge Color" : {
    "Red Component" : 1,
    "Color Space" : "sRGB",
    "Blue Component" : 0,
    "Alpha Component" : 0.5,
    "Green Component" : 0.1491314172744751
  },
  "Scrollback Lines" : 1000,
  "Send Code When Idle" : false,
  "Close Sessions On End" : true,
  "Terminal Type" : "xterm-256color",
  "Visual Bell" : true,
  "Flashing Bell" : false,
  "Silence Bell" : false,
  "Ansi 14 Color" : {
    "Red Component" : 0.58431375026702881,
    "Color Space" : "sRGB",
    "Blue Component" : 0.79607844352722168,
    "Alpha Component" : 1,
    "Green Component" : 0.90196079015731812
  },
  "ASCII Ligatures" : true,
  "Name" : "Default",
  "Cursor Text Color" : {
    "Red Component" : 0.21568627655506134,
    "Color Space" : "sRGB",
    "Blue Component" : 0.29803922772407532,
    "Alpha Component" : 1,
    "Green Component" : 0.24313725531101227
  },
  "Shortcut" : "",
  "Cursor Color" : {
    "Red Component" : 1,
    "Color Space" : "sRGB",
    "Blue Component" : 0.40000000596046448,
    "Alpha Component" : 1,
    "Green Component" : 0.80000001192092896
  },
  "Ansi 0 Color" : {
    "Red Component" : 0.10196078568696976,
    "Color Space" : "sRGB",
    "Blue Component" : 0.16078431904315948,
    "Alpha Component" : 1,
    "Green Component" : 0.11764705926179886
  },
  "Ansi 1 Color" : {
    "Red Component" : 0.94901961088180542,
    "Color Space" : "sRGB",
    "Blue Component" : 0.47450980544090271,
    "Alpha Component" : 1,
    "Green Component" : 0.52941179275512695
  },
  "Ansi 2 Color" : {
    "Red Component" : 0.729411780834198,
    "Color Space" : "sRGB",
    "Blue Component" : 0.49411764740943909,
    "Alpha Component" : 1,
    "Green Component" : 0.90196079015731812
  },
  "Custom Directory" : "No",
  "Ansi 4 Color" : {
    "Red Component" : 0.45098039507865906,
    "Color Space" : "sRGB",
    "Blue Component" : 1,
    "Alpha Component" : 1,
    "Green Component" : 0.81568628549575806
  },
  "Right Option Key Sends" : 0,